AlgorithmAgent,IsWon,GameTime,PointsExpectimaxAgent,False,0:00:05.735666,-375ExpectimaxAgent,False,0:00:10.724533,605ExpectimaxAgent,False,0:00:08.936201,141ExpectimaxAgent,True,0:00:22.952878,1737ExpectimaxAgent,True,0:00:17.349576,1770ExpectimaxAgent,True,0:00:18.741993,1757ExpectimaxAgent,False,0:00:11.794434,135ExpectimaxAgent,False,0:00:10.895534,102ExpectimaxAgent,False,0:00:08.698834,-30ExpectimaxAgent,False,0:00:11.112009,226ExpectimaxAgent,True,0:00:19.574798,1549ExpectimaxAgent,True,0:00:20.098476,1553ExpectimaxAgent,False,0:00:09.460007,117ExpectimaxAgent,True,0:00:19.376615,1556ExpectimaxAgent,True,0:00:21.056831,1545ExpectimaxAgent,False,0:00:08.640509,117ExpectimaxAgent,True,0:00:18.659091,1757ExpectimaxAgent,True,0:00:20.497734,1750ExpectimaxAgent,True,0:00:18.317429,1760ExpectimaxAgent,False,0:00:05.180749,-343ExpectimaxAgent,True,0:00:19.642378,1757ExpectimaxAgent,True,0:00:23.324572,1740ExpectimaxAgent,True,0:00:15.314343,1774ExpectimaxAgent,True,0:00:16.761586,1772ExpectimaxAgent,True,0:00:25.786603,1722ExpectimaxAgent,True,0:00:20.204705,1756ExpectimaxAgent,False,0:00:12.069078,612ExpectimaxAgent,True,0:00:19.140904,1756ExpectimaxAgent,False,0:00:08.860480,79ExpectimaxAgent,True,0:00:20.308789,1745ExpectimaxAgent,False,0:00:10.876301,98ExpectimaxAgent,True,0:00:18.233052,1774ExpectimaxAgent,True,0:00:17.649283,1560ExpectimaxAgent,True,0:00:20.692972,1560ExpectimaxAgent,True,0:00:18.894939,1756ExpectimaxAgent,True,0:00:19.408718,1756ExpectimaxAgent,True,0:00:20.187808,1549ExpectimaxAgent,True,0:00:22.706665,1755ExpectimaxAgent,True,0:00:16.469915,1570ExpectimaxAgent,True,0:00:15.631916,1574ExpectimaxAgent,True,0:00:20.204126,1547ExpectimaxAgent,True,0:00:21.283030,1538ExpectimaxAgent,True,0:00:25.002412,1741ExpectimaxAgent,True,0:00:20.059584,1746ExpectimaxAgent,False,0:00:08.568897,141ExpectimaxAgent,True,0:00:21.088991,1743ExpectimaxAgent,True,0:00:19.584580,1753ExpectimaxAgent,True,0:00:17.608654,1561ExpectimaxAgent,True,0:00:22.120306,1742ExpectimaxAgent,True,0:00:20.779481,1567ExpectimaxAgent,True,0:00:22.032464,1736ExpectimaxAgent,True,0:00:18.500417,1353ExpectimaxAgent,True,0:00:18.536409,1755ExpectimaxAgent,True,0:00:24.170459,1729ExpectimaxAgent,True,0:00:22.432026,1738ExpectimaxAgent,True,0:00:21.725019,1574ExpectimaxAgent,True,0:00:23.296560,1756ExpectimaxAgent,True,0:00:22.551905,1735ExpectimaxAgent,True,0:00:20.879061,1574ExpectimaxAgent,False,0:00:13.614817,708ExpectimaxAgent,True,0:00:16.749673,1566ExpectimaxAgent,False,0:00:11.586949,683ExpectimaxAgent,False,0:00:07.353775,89ExpectimaxAgent,True,0:00:18.585029,1755ExpectimaxAgent,True,0:00:18.983522,1751ExpectimaxAgent,False,0:00:12.698660,527ExpectimaxAgent,True,0:00:23.592795,1560ExpectimaxAgent,True,0:00:20.895717,1750ExpectimaxAgent,True,0:00:19.738193,1751ExpectimaxAgent,True,0:00:18.438673,1568ExpectimaxAgent,True,0:00:17.533199,1561ExpectimaxAgent,True,0:00:18.793620,1556ExpectimaxAgent,True,0:00:21.215141,1750ExpectimaxAgent,True,0:00:18.909205,1553ExpectimaxAgent,False,0:00:07.189160,89ExpectimaxAgent,False,0:00:12.048467,686ExpectimaxAgent,True,0:00:19.679688,1549ExpectimaxAgent,True,0:00:16.095841,1770ExpectimaxAgent,True,0:00:17.696463,1762ExpectimaxAgent,True,0:00:22.962081,1774ExpectimaxAgent,True,0:00:21.190802,1545ExpectimaxAgent,True,0:00:19.058021,1756ExpectimaxAgent,True,0:00:19.952213,1750ExpectimaxAgent,True,0:00:18.952057,1574ExpectimaxAgent,True,0:00:17.997273,1761ExpectimaxAgent,True,0:00:22.876310,1737ExpectimaxAgent,True,0:00:20.946479,1544ExpectimaxAgent,True,0:00:20.256728,1547ExpectimaxAgent,True,0:00:16.552068,1569ExpectimaxAgent,True,0:00:15.974675,1770ExpectimaxAgent,True,0:00:19.419892,1552ExpectimaxAgent,False,0:00:08.233883,74ExpectimaxAgent,True,0:00:18.475144,1558ExpectimaxAgent,True,0:00:21.041461,1542ExpectimaxAgent,True,0:00:25.327213,1572ExpectimaxAgent,True,0:00:21.721592,1739ExpectimaxAgent,False,0:00:10.015366,254ExpectimaxAgent,True,0:00:22.003722,1737ExpectimaxAgent,True,0:00:18.857153,1554ExpectimaxAgent,True,0:00:20.076233,1747ExpectimaxAgent,True,0:00:21.255306,1743ExpectimaxAgent,True,0:00:15.538263,1572ExpectimaxAgent,True,0:00:15.663686,1572ExpectimaxAgent,True,0:00:22.760048,1737ExpectimaxAgent,False,0:00:09.066999,141ExpectimaxAgent,True,0:00:19.016675,1761AlphaBetaAgent,True,0:00:24.309054,1514AlphaBetaAgent,True,0:00:20.782868,1337AlphaBetaAgent,True,0:00:15.346285,967AlphaBetaAgent,True,0:00:17.627384,1370AlphaBetaAgent,False,0:00:09.620740,-128AlphaBetaAgent,True,0:00:17.751251,963AlphaBetaAgent,True,0:00:18.429729,1353AlphaBetaAgent,False,0:00:11.020680,-204AlphaBetaAgent,True,0:00:20.658246,1739AlphaBetaAgent,False,0:00:03.054167,-356AlphaBetaAgent,True,0:00:21.192725,1339AlphaBetaAgent,True,0:00:19.891839,1546AlphaBetaAgent,False,0:00:06.718237,-236AlphaBetaAgent,False,0:00:07.024472,-226AlphaBetaAgent,False,0:00:10.133910,-126AlphaBetaAgent,True,0:00:21.986073,1329AlphaBetaAgent,True,0:00:18.694840,1750AlphaBetaAgent,True,0:00:20.070275,947AlphaBetaAgent,True,0:00:18.732271,962AlphaBetaAgent,True,0:00:18.085331,970AlphaBetaAgent,True,0:00:16.093445,966AlphaBetaAgent,False,0:00:09.994095,-194AlphaBetaAgent,True,0:00:20.930014,1331AlphaBetaAgent,True,0:00:18.066256,975AlphaBetaAgent,False,0:00:08.852114,-127AlphaBetaAgent,False,0:00:09.932794,-117AlphaBetaAgent,False,0:00:06.657107,-286AlphaBetaAgent,True,0:00:19.780630,1345AlphaBetaAgent,True,0:00:18.104404,1549AlphaBetaAgent,True,0:00:15.292661,975AlphaBetaAgent,False,0:00:02.664057,-383AlphaBetaAgent,False,0:00:03.249365,-338AlphaBetaAgent,False,0:00:04.002554,-321AlphaBetaAgent,False,0:00:09.055218,498AlphaBetaAgent,False,0:00:03.634311,-350AlphaBetaAgent,False,0:00:05.835112,-148AlphaBetaAgent,True,0:00:17.358418,955AlphaBetaAgent,True,0:00:20.544687,1349AlphaBetaAgent,False,0:00:10.915992,-101AlphaBetaAgent,True,0:00:17.925217,1357AlphaBetaAgent,True,0:00:17.363696,1353AlphaBetaAgent,True,0:00:23.216201,1516AlphaBetaAgent,True,0:00:16.947514,971AlphaBetaAgent,True,0:00:23.128715,1125AlphaBetaAgent,True,0:00:16.392039,1357AlphaBetaAgent,True,0:00:18.408865,1359AlphaBetaAgent,True,0:00:22.604188,1266AlphaBetaAgent,True,0:00:18.628957,1351AlphaBetaAgent,False,0:00:03.019408,-356AlphaBetaAgent,False,0:00:07.595611,-49AlphaBetaAgent,True,0:00:17.269228,971AlphaBetaAgent,True,0:00:19.561171,1342AlphaBetaAgent,False,0:00:10.610935,318AlphaBetaAgent,False,0:00:03.685058,-350AlphaBetaAgent,True,0:00:24.048333,1304AlphaBetaAgent,True,0:00:20.000579,1340AlphaBetaAgent,True,0:00:18.247621,1351AlphaBetaAgent,True,0:00:21.466250,1734AlphaBetaAgent,True,0:00:19.682725,1741AlphaBetaAgent,True,0:00:15.211991,965AlphaBetaAgent,False,0:00:03.382439,-338AlphaBetaAgent,True,0:00:17.710045,1752AlphaBetaAgent,False,0:00:12.552319,294AlphaBetaAgent,True,0:00:24.945186,1505AlphaBetaAgent,False,0:00:09.939973,-90AlphaBetaAgent,False,0:00:03.054929,-356AlphaBetaAgent,True,0:00:14.734000,1567AlphaBetaAgent,True,0:00:21.105441,1127AlphaBetaAgent,False,0:00:09.022454,-90AlphaBetaAgent,False,0:00:15.773270,291AlphaBetaAgent,True,0:00:23.322318,1524AlphaBetaAgent,True,0:00:26.546968,1280AlphaBetaAgent,False,0:00:03.392515,-338AlphaBetaAgent,True,0:00:15.096484,1166AlphaBetaAgent,True,0:00:16.524735,1359AlphaBetaAgent,True,0:00:23.612894,1522AlphaBetaAgent,False,0:00:09.576619,-73AlphaBetaAgent,True,0:00:14.289121,970AlphaBetaAgent,False,0:00:11.361447,-178AlphaBetaAgent,True,0:00:14.943585,1567AlphaBetaAgent,True,0:00:21.815250,1729AlphaBetaAgent,True,0:00:21.938851,1330AlphaBetaAgent,False,0:00:03.865810,-351AlphaBetaAgent,False,0:00:12.282676,112AlphaBetaAgent,False,0:00:09.052370,-91AlphaBetaAgent,True,0:00:19.524860,1539AlphaBetaAgent,True,0:00:19.817228,1342AlphaBetaAgent,True,0:00:17.343916,1355AlphaBetaAgent,True,0:00:14.141344,1370AlphaBetaAgent,True,0:00:18.391045,1347AlphaBetaAgent,True,0:00:14.759461,967AlphaBetaAgent,False,0:00:05.504520,-304AlphaBetaAgent,False,0:00:13.458169,-123AlphaBetaAgent,True,0:00:16.016568,961AlphaBetaAgent,True,0:00:14.801391,971AlphaBetaAgent,True,0:00:17.029390,955AlphaBetaAgent,False,0:00:03.930851,-351AlphaBetaAgent,True,0:00:24.661248,1528AlphaBetaAgent,True,0:00:18.449060,1548AlphaBetaAgent,True,0:00:21.744858,1529AlphaBetaAgent,False,0:00:04.397591,-303AlphaBetaAgent,False,0:00:08.120918,-204AlphaBetaAgent,True,0:00:22.914493,1121AlphaBetaAgent,False,0:00:03.504931,-329AlphaBetaAgent,True,0:00:18.013778,952AlphaBetaAgent,True,0:00:16.067246,1363AlphaBetaAgent,True,0:00:17.089882,1357AlphaBetaAgent,False,0:00:05.186809,-298AlphaBetaAgent,False,0:00:12.632021,-208AlphaBetaAgent,True,0:00:20.419859,1135AlphaBetaAgent,True,0:00:17.620084,1153AlphaBetaAgent,False,0:00:05.487882,-290AlphaBetaAgent,True,0:00:15.966786,963AlphaBetaAgent,False,0:00:18.966241,336AlphaBetaAgent,True,0:00:15.656252,963AlphaBetaAgent,True,0:00:18.219620,1552AlphaBetaAgent,False,0:00:17.296842,284AlphaBetaAgent,True,0:00:16.056869,1161AlphaBetaAgent,False,0:00:10.465329,321AlphaBetaAgent,True,0:00:18.610197,1347AlphaBetaAgent,True,0:00:24.463649,1347AlphaBetaAgent,False,0:00:15.163811,-143AlphaBetaAgent,True,0:00:18.818868,1543AlphaBetaAgent,True,0:00:21.539114,1329AlphaBetaAgent,True,0:00:18.972394,1344AlphaBetaAgent,True,0:00:17.480928,1353AlphaBetaAgent,False,0:00:10.257030,-96AlphaBetaAgent,True,0:00:23.336196,1520AlphaBetaAgent,False,0:00:06.901214,-258AlphaBetaAgent,True,0:00:16.851377,1356AlphaBetaAgent,True,0:00:15.853352,961AlphaBetaAgent,True,0:00:21.665739,1526AlphaBetaAgent,False,0:00:13.995915,363AlphaBetaAgent,True,0:00:18.990204,1344AlphaBetaAgent,True,0:00:20.059461,1736AlphaBetaAgent,True,0:00:20.430278,1337AlphaBetaAgent,True,0:00:21.017109,1531AlphaBetaAgent,False,0:00:03.021195,-347AlphaBetaAgent,True,0:00:20.093503,1742AlphaBetaAgent,True,0:00:22.055107,1330AlphaBetaAgent,False,0:00:03.806506,-330AlphaBetaAgent,False,0:00:07.108351,-226AlphaBetaAgent,False,0:00:10.242244,-163AlphaBetaAgent,True,0:00:15.601249,1763AlphaBetaAgent,False,0:00:04.150897,-352AlphaBetaAgent,True,0:00:17.589550,1355AlphaBetaAgent,True,0:00:16.990285,1556AlphaBetaAgent,True,0:00:15.947844,1361AlphaBetaAgent,True,0:00:24.963156,1519AlphaBetaAgent,True,0:00:19.541050,1541AlphaBetaAgent,True,0:00:16.051684,1366AlphaBetaAgent,True,0:00:18.272049,1349AlphaBetaAgent,False,0:00:08.582106,205AlphaBetaAgent,True,0:00:17.888700,952AlphaBetaAgent,True,0:00:18.283014,1352AlphaBetaAgent,False,0:00:16.676126,-102AlphaBetaAgent,True,0:00:14.487461,1369AlphaBetaAgent,False,0:00:03.628064,-350AlphaBetaAgent,True,0:00:20.480608,1736AlphaBetaAgent,False,0:00:11.736448,-105AlphaBetaAgent,True,0:00:21.380805,1734AlphaBetaAgent,False,0:00:03.211397,-338AlphaBetaAgent,False,0:00:15.776386,356AlphaBetaAgent,False,0:00:06.739530,-236AlphaBetaAgent,False,0:00:08.036018,-152AlphaBetaAgent,True,0:00:23.422806,1325AlphaBetaAgent,True,0:00:15.207263,971AlphaBetaAgent,False,0:00:12.443415,-29AlphaBetaAgent,False,0:00:18.264527,113AlphaBetaAgent,True,0:00:14.373055,969AlphaBetaAgent,False,0:00:11.866464,198AlphaBetaAgent,True,0:00:16.265685,1562AlphaBetaAgent,False,0:00:09.577641,-192AlphaBetaAgent,False,0:00:09.223577,-91AlphaBetaAgent,False,0:00:12.020474,-84AlphaBetaAgent,True,0:00:15.214319,967AlphaBetaAgent,True,0:00:21.217906,1733AlphaBetaAgent,True,0:00:15.186198,965AlphaBetaAgent,True,0:00:20.557941,1341AlphaBetaAgent,False,0:00:03.454464,-338AlphaBetaAgent,False,0:00:08.904980,-90AlphaBetaAgent,False,0:00:11.276922,-50AlphaBetaAgent,False,0:00:05.347967,-298AlphaBetaAgent,False,0:00:03.586993,-339AlphaBetaAgent,False,0:00:03.535698,-339AlphaBetaAgent,True,0:00:18.262948,971AlphaBetaAgent,True,0:00:17.402017,1353AlphaBetaAgent,True,0:00:17.472800,1355AlphaBetaAgent,True,0:00:24.422317,1680AlphaBetaAgent,True,0:00:18.504238,1749AlphaBetaAgent,False,0:00:11.023548,-20AlphaBetaAgent,False,0:00:07.011763,-195AlphaBetaAgent,True,0:00:21.386423,1137AlphaBetaAgent,True,0:00:16.784104,1363AlphaBetaAgent,False,0:00:03.344798,-338AlphaBetaAgent,False,0:00:11.419964,233AlphaBetaAgent,True,0:00:18.628204,971AlphaBetaAgent,True,0:00:17.096798,955AlphaBetaAgent,False,0:00:08.698483,-184AlphaBetaAgent,False,0:00:09.017054,-198AlphaBetaAgent,False,0:00:06.921481,-235AlphaBetaAgent,True,0:00:21.640689,1332AlphaBetaAgent,False,0:00:05.218396,-185AlphaBetaAgent,True,0:00:17.834915,1354AlphaBetaAgent,True,0:00:18.485994,1365AlphaBetaAgent,True,0:00:23.382980,1322AlphaBetaAgent,False,0:00:02.606619,-383AlphaBetaAgent,True,0:00:17.976502,1353AlphaBetaAgent,True,0:00:19.612147,1286ExpectimaxAgent,True,0:00:20.156159,1747ExpectimaxAgent,True,0:00:19.250991,1756ExpectimaxAgent,True,0:00:17.893073,1371ExpectimaxAgent,True,0:00:20.174045,1554ExpectimaxAgent,True,0:00:18.702393,1568ExpectimaxAgent,False,0:00:10.070802,137ExpectimaxAgent,True,0:00:20.109873,1774ExpectimaxAgent,True,0:00:20.253433,1550ExpectimaxAgent,True,0:00:19.907255,1756ExpectimaxAgent,True,0:00:19.030266,1752ExpectimaxAgent,True,0:00:19.629928,1757ExpectimaxAgent,True,0:00:19.319865,1753ExpectimaxAgent,True,0:00:16.874443,1572ExpectimaxAgent,True,0:00:17.682385,1358ExpectimaxAgent,True,0:00:17.231434,1574ExpectimaxAgent,True,0:00:20.725467,1754ExpectimaxAgent,True,0:00:18.357215,1355ExpectimaxAgent,True,0:00:18.340433,1553ExpectimaxAgent,True,0:00:17.105706,1363ExpectimaxAgent,True,0:00:20.300739,1747ExpectimaxAgent,False,0:00:10.862466,349ExpectimaxAgent,True,0:00:20.592467,1746ExpectimaxAgent,True,0:00:19.820170,1750ExpectimaxAgent,True,0:00:21.833532,1754ExpectimaxAgent,True,0:00:15.174463,1774ExpectimaxAgent,True,0:00:18.975501,1574ExpectimaxAgent,True,0:00:15.299501,1774ExpectimaxAgent,False,0:00:10.362902,200ExpectimaxAgent,False,0:00:10.534927,141ExpectimaxAgent,True,0:00:23.686850,1542ExpectimaxAgent,False,0:00:09.307621,105ExpectimaxAgent,True,0:00:17.406341,1363ExpectimaxAgent,True,0:00:22.361269,1702ExpectimaxAgent,True,0:00:18.797195,1556ExpectimaxAgent,True,0:00:16.671384,1165ExpectimaxAgent,True,0:00:19.662405,1750ExpectimaxAgent,True,0:00:23.560108,1748ExpectimaxAgent,True,0:00:21.009713,1743ExpectimaxAgent,True,0:00:17.648147,1760ExpectimaxAgent,True,0:00:18.076468,1757ExpectimaxAgent,True,0:00:16.034340,1570ExpectimaxAgent,True,0:00:21.447906,1742ExpectimaxAgent,False,0:00:10.389220,269ExpectimaxAgent,True,0:00:14.506559,1374ExpectimaxAgent,True,0:00:17.926443,1757ExpectimaxAgent,False,0:00:12.388566,693ExpectimaxAgent,True,0:00:15.026400,1572ExpectimaxAgent,True,0:00:18.029927,1559ExpectimaxAgent,True,0:00:17.851270,1755ExpectimaxAgent,False,0:00:06.645233,92ExpectimaxAgent,True,0:00:19.909555,1752ExpectimaxAgent,True,0:00:19.467856,1554ExpectimaxAgent,True,0:00:22.760284,1763ExpectimaxAgent,True,0:00:18.709966,1555ExpectimaxAgent,True,0:00:15.186204,1574ExpectimaxAgent,True,0:00:23.000206,1761ExpectimaxAgent,False,0:00:06.711261,81ExpectimaxAgent,False,0:00:12.651589,362ExpectimaxAgent,True,0:00:16.370834,1568ExpectimaxAgent,False,0:00:12.592733,486ExpectimaxAgent,True,0:00:22.366559,1736ExpectimaxAgent,True,0:00:18.675741,1374ExpectimaxAgent,True,0:00:18.412965,1572ExpectimaxAgent,True,0:00:19.630789,1752ExpectimaxAgent,True,0:00:17.352546,1772ExpectimaxAgent,True,0:00:16.280205,1567ExpectimaxAgent,True,0:00:21.719062,1544ExpectimaxAgent,True,0:00:19.669548,1752ExpectimaxAgent,False,0:00:10.836762,130ExpectimaxAgent,True,0:00:17.046153,1764ExpectimaxAgent,False,0:00:11.002465,287ExpectimaxAgent,True,0:00:22.967053,1533ExpectimaxAgent,True,0:00:18.808185,1557ExpectimaxAgent,True,0:00:22.490148,1733ExpectimaxAgent,True,0:00:20.769917,1759ExpectimaxAgent,True,0:00:18.335376,1561ExpectimaxAgent,True,0:00:21.800438,1738ExpectimaxAgent,True,0:00:22.612341,1565ExpectimaxAgent,False,0:00:13.986688,724ExpectimaxAgent,True,0:00:21.668873,1741ExpectimaxAgent,False,0:00:11.796015,134ExpectimaxAgent,True,0:00:23.253888,1560ExpectimaxAgent,True,0:00:16.093133,1769ExpectimaxAgent,True,0:00:18.976097,1574ExpectimaxAgent,True,0:00:25.592071,1362ExpectimaxAgent,True,0:00:19.114402,1574ExpectimaxAgent,False,0:00:13.324901,544ExpectimaxAgent,False,0:00:12.232431,404ExpectimaxAgent,False,0:00:08.513323,129ExpectimaxAgent,False,0:00:10.902510,140ExpectimaxAgent,True,0:00:18.969591,1574ExpectimaxAgent,True,0:00:20.889667,1574ExpectimaxAgent,False,0:00:10.615687,327ExpectimaxAgent,False,0:00:12.091526,327ExpectimaxAgent,True,0:00:19.059563,1753ExpectimaxAgent,False,0:00:11.418442,93ExpectimaxAgent,True,0:00:21.258787,1740ExpectimaxAgent,True,0:00:16.392287,1564ExpectimaxAgent,False,0:00:11.301226,728ExpectimaxAgent,True,0:00:17.314960,1561ExpectimaxAgent,True,0:00:17.775743,1557ExpectimaxAgent,False,0:00:09.997066,492ExpectimaxAgent,True,0:00:17.916047,1574ExpectimaxAgent,True,0:00:20.281972,1749ExpectimaxAgent,False,0:00:12.432395,188ExpectimaxAgent,True,0:00:21.937960,1742ExpectimaxAgent,True,0:00:19.669398,1551ExpectimaxAgent,True,0:00:18.773098,1749ExpectimaxAgent,True,0:00:17.961092,1774ExpectimaxAgent,True,0:00:15.914315,1572ExpectimaxAgent,True,0:00:19.410388,1751ExpectimaxAgent,True,0:00:20.017626,1549ExpectimaxAgent,True,0:00:19.528785,1549ExpectimaxAgent,True,0:00:19.861053,1749ExpectimaxAgent,True,0:00:17.286388,1568ExpectimaxAgent,False,0:00:06.198372,133ExpectimaxAgent,True,0:00:17.053200,1563ExpectimaxAgent,True,0:00:18.506958,1556ExpectimaxAgent,True,0:00:18.057953,1561ExpectimaxAgent,False,0:00:13.488012,765ExpectimaxAgent,False,0:00:11.834824,303ExpectimaxAgent,True,0:00:19.179207,1756ExpectimaxAgent,True,0:00:22.272847,1739ExpectimaxAgent,True,0:00:19.836377,1749ExpectimaxAgent,True,0:00:20.883309,1743ExpectimaxAgent,False,0:00:11.946613,251ExpectimaxAgent,True,0:00:19.494431,1374ExpectimaxAgent,True,0:00:19.581070,1551ExpectimaxAgent,True,0:00:22.956330,1574ExpectimaxAgent,True,0:00:17.526145,1559ExpectimaxAgent,True,0:00:24.991950,1561ExpectimaxAgent,True,0:00:17.499304,1763ExpectimaxAgent,True,0:00:17.475811,1765ExpectimaxAgent,True,0:00:23.931253,1731ExpectimaxAgent,True,0:00:18.652825,1374ExpectimaxAgent,True,0:00:17.650673,1762ExpectimaxAgent,True,0:00:20.990569,1746ExpectimaxAgent,True,0:00:20.291133,1751ExpectimaxAgent,True,0:00:22.512671,1736ExpectimaxAgent,True,0:00:20.543543,1548ExpectimaxAgent,True,0:00:22.087114,1743ExpectimaxAgent,True,0:00:17.654264,1758ExpectimaxAgent,True,0:00:16.889589,1574ExpectimaxAgent,True,0:00:16.789804,1565ExpectimaxAgent,True,0:00:17.886419,1761ExpectimaxAgent,True,0:00:19.115415,1752ExpectimaxAgent,True,0:00:20.157292,1754ExpectimaxAgent,False,0:00:13.306975,261ExpectimaxAgent,True,0:00:23.588423,1742ExpectimaxAgent,True,0:00:19.778662,1550ExpectimaxAgent,True,0:00:15.354388,1372ExpectimaxAgent,True,0:00:20.218318,1755ExpectimaxAgent,True,0:00:21.125306,1744ExpectimaxAgent,True,0:00:18.618101,1758ExpectimaxAgent,True,0:00:19.335554,1363ExpectimaxAgent,True,0:00:19.710194,1551ExpectimaxAgent,True,0:00:22.621356,1739ExpectimaxAgent,True,0:00:17.656767,1764ExpectimaxAgent,True,0:00:15.821823,1572ExpectimaxAgent,False,0:00:14.781348,747ExpectimaxAgent,True,0:00:15.623884,1572ExpectimaxAgent,True,0:00:18.180257,1558ExpectimaxAgent,True,0:00:19.042009,1757ExpectimaxAgent,True,0:00:17.111003,1563ExpectimaxAgent,True,0:00:25.507047,1742ExpectimaxAgent,True,0:00:21.105471,1747ExpectimaxAgent,False,0:00:07.135951,91ExpectimaxAgent,False,0:00:11.719961,292ExpectimaxAgent,True,0:00:14.848645,1574ExpectimaxAgent,True,0:00:18.155826,1555ExpectimaxAgent,False,0:00:07.650195,134ExpectimaxAgent,False,0:00:18.297517,719ExpectimaxAgent,True,0:00:23.064949,1728ExpectimaxAgent,True,0:00:20.323766,1751ExpectimaxAgent,True,0:00:15.060980,1374ExpectimaxAgent,True,0:00:15.019729,1774ExpectimaxAgent,True,0:00:17.906937,1757ExpectimaxAgent,True,0:00:17.023266,1766ExpectimaxAgent,True,0:00:20.145659,1752ExpectimaxAgent,True,0:00:26.803494,1747ExpectimaxAgent,True,0:00:19.467237,1755ExpectimaxAgent,True,0:00:19.325470,1555ExpectimaxAgent,True,0:00:20.257913,1747ExpectimaxAgent,True,0:00:24.049167,1727ExpectimaxAgent,False,0:00:12.396366,653ExpectimaxAgent,True,0:00:18.947206,1556ExpectimaxAgent,True,0:00:18.863770,1759ExpectimaxAgent,True,0:00:21.047773,1745ExpectimaxAgent,True,0:00:22.624965,1567ExpectimaxAgent,False,0:00:10.619308,359ExpectimaxAgent,False,0:00:12.800799,327ExpectimaxAgent,True,0:00:19.260315,1551ExpectimaxAgent,True,0:00:25.548371,1723ExpectimaxAgent,False,0:00:14.243019,318ExpectimaxAgent,True,0:00:16.171970,1768ExpectimaxAgent,True,0:00:20.379031,1745ExpectimaxAgent,True,0:00:18.501652,1757ExpectimaxAgent,True,0:00:22.382496,1742ExpectimaxAgent,True,0:00:19.088767,1752ExpectimaxAgent,True,0:00:21.717409,1747ExpectimaxAgent,True,0:00:24.795315,1705ExpectimaxAgent,True,0:00:19.212556,1752ExpectimaxAgent,True,0:00:18.102057,1755ExpectimaxAgent,True,0:00:14.822700,1374ExpectimaxAgent,True,0:00:19.682792,1749ExpectimaxAgent,True,0:00:20.309774,1751ExpectimaxAgent,False,0:00:10.582137,267ExpectimaxAgent,True,0:00:19.249947,1750ExpectimaxAgent,False,0:00:12.823132,130ExpectimaxAgent,False,0:00:12.826173,191ExpectimaxAgent,True,0:00:18.670805,1558ExpectimaxAgent,True,0:00:23.018032,1537ExpectimaxAgent,False,0:00:12.599769,751ExpectimaxAgent,True,0:00:24.869457,1740ExpectimaxAgent,True,0:00:16.999988,1574ExpectimaxAgent,False,0:00:13.848919,492ExpectimaxAgent,True,0:00:25.390339,1556ExpectimaxAgent,False,0:00:08.633258,87ExpectimaxAgent,True,0:00:17.339940,1572ExpectimaxAgent,True,0:00:30.729960,1689ExpectimaxAgent,True,0:00:23.039563,1547ExpectimaxAgent,False,0:00:13.440220,283ExpectimaxAgent,True,0:00:21.059995,1755ExpectimaxAgent,True,0:00:16.479889,1774ExpectimaxAgent,True,0:00:22.268734,1751ExpectimaxAgent,True,0:00:24.218218,1741ExpectimaxAgent,True,0:00:19.780120,1760ExpectimaxAgent,True,0:00:24.104623,1547ExpectimaxAgent,True,0:00:21.830176,1554ExpectimaxAgent,True,0:00:21.710181,1552ExpectimaxAgent,True,0:00:18.979667,1774ExpectimaxAgent,True,0:00:17.790323,1574ExpectimaxAgent,True,0:00:19.299795,1560ExpectimaxAgent,False,0:00:09.550036,131ExpectimaxAgent,True,0:00:16.850203,1374ExpectimaxAgent,False,0:00:09.514485,131ExpectimaxAgent,True,0:00:27.454688,1735ExpectimaxAgent,True,0:00:23.599555,1746ExpectimaxAgent,True,0:00:23.629540,1540ExpectimaxAgent,True,0:00:23.879727,1741ExpectimaxAgent,False,0:00:15.254726,734ExpectimaxAgent,True,0:00:20.789901,1555ExpectimaxAgent,True,0:00:22.054285,1754ExpectimaxAgent,True,0:00:18.272901,1568ExpectimaxAgent,False,0:00:12.324777,269ExpectimaxAgent,True,0:00:18.720001,1562ExpectimaxAgent,True,0:00:21.899713,1752ExpectimaxAgent,False,0:00:14.279202,327ExpectimaxAgent,False,0:00:09.249792,243ExpectimaxAgent,True,0:00:25.840637,1735ExpectimaxAgent,False,0:00:10.779748,125ExpectimaxAgent,True,0:00:22.199827,1749ExpectimaxAgent,True,0:00:19.639878,1762ExpectimaxAgent,True,0:00:16.560104,1374ExpectimaxAgent,True,0:00:20.859924,1556ExpectimaxAgent,True,0:00:19.380218,1762ExpectimaxAgent,True,0:00:21.309793,1755ExpectimaxAgent,True,0:00:16.809819,1774ExpectimaxAgent,True,0:00:17.939936,1572ExpectimaxAgent,False,0:00:13.529611,133ExpectimaxAgent,True,0:00:19.984372,1763ExpectimaxAgent,True,0:00:20.071251,1757ExpectimaxAgent,False,0:00:05.730141,77ExpectimaxAgent,True,0:00:20.409796,1755ExpectimaxAgent,False,0:00:19.290196,553ExpectimaxAgent,False,0:00:12.490071,122ExpectimaxAgent,True,0:00:27.265936,1725ExpectimaxAgent,True,0:00:18.004185,1568ExpectimaxAgent,True,0:00:25.789766,1740ExpectimaxAgent,True,0:00:21.279519,1551ExpectimaxAgent,True,0:00:22.355655,1756ExpectimaxAgent,True,0:00:26.157490,1733ExpectimaxAgent,True,0:00:23.119856,1746ExpectimaxAgent,True,0:00:18.989527,1763ExpectimaxAgent,False,0:00:04.424459,-200ExpectimaxAgent,True,0:00:19.090054,1364ExpectimaxAgent,True,0:00:23.159625,1545ExpectimaxAgent,True,0:00:23.759852,1743ExpectimaxAgent,True,0:00:23.049957,1747ExpectimaxAgent,False,0:00:12.769561,247ExpectimaxAgent,True,0:00:20.119656,1557ExpectimaxAgent,True,0:00:19.422285,1561ExpectimaxAgent,True,0:00:16.699972,1374ExpectimaxAgent,True,0:00:20.159744,1758ExpectimaxAgent,True,0:00:20.339624,1757ExpectimaxAgent,False,0:00:14.520084,134ExpectimaxAgent,True,0:00:16.789676,1574ExpectimaxAgent,False,0:00:09.040032,131ExpectimaxAgent,True,0:00:19.719606,1761ExpectimaxAgent,False,0:00:11.959656,354ExpectimaxAgent,True,0:00:22.949897,1746ExpectimaxAgent,True,0:00:20.028542,1358ExpectimaxAgent,True,0:00:23.501241,1745ExpectimaxAgent,True,0:00:22.289935,1374ExpectimaxAgent,True,0:00:24.589788,1737ExpectimaxAgent,True,0:00:17.770280,1772ExpectimaxAgent,True,0:00:17.759766,1772ExpectimaxAgent,True,0:00:20.369895,1763ExpectimaxAgent,True,0:00:20.269746,1557ExpectimaxAgent,False,0:00:12.889506,338ExpectimaxAgent,False,0:00:09.379960,129ExpectimaxAgent,True,0:00:23.451586,1744ExpectimaxAgent,False,0:00:13.934609,688AlphaBetaAgent,True,0:00:17.689693,1361AlphaBetaAgent,False,0:00:12.721498,255AlphaBetaAgent,True,0:00:18.970079,1353AlphaBetaAgent,True,0:00:17.599914,1765AlphaBetaAgent,True,0:00:25.360052,1729AlphaBetaAgent,False,0:00:08.460111,120AlphaBetaAgent,True,0:00:16.704968,971AlphaBetaAgent,False,0:00:13.695089,-146AlphaBetaAgent,True,0:00:16.429916,971AlphaBetaAgent,False,0:00:12.670053,363AlphaBetaAgent,False,0:00:03.784778,-338AlphaBetaAgent,False,0:00:12.579946,-49AlphaBetaAgent,False,0:00:13.480504,101AlphaBetaAgent,True,0:00:21.360039,1606AlphaBetaAgent,True,0:00:21.179984,1347AlphaBetaAgent,True,0:00:25.059692,1315AlphaBetaAgent,True,0:00:21.289972,1298AlphaBetaAgent,False,0:00:04.760086,-352AlphaBetaAgent,True,0:00:17.719657,967AlphaBetaAgent,False,0:00:15.799437,733AlphaBetaAgent,True,0:00:16.413199,1359AlphaBetaAgent,False,0:00:03.271529,-338AlphaBetaAgent,False,0:00:10.691262,100AlphaBetaAgent,False,0:00:14.467814,-64AlphaBetaAgent,False,0:00:09.386568,-213AlphaBetaAgent,False,0:00:07.044923,-224AlphaBetaAgent,True,0:00:21.355004,1746AlphaBetaAgent,True,0:00:15.300549,973AlphaBetaAgent,False,0:00:11.374915,2AlphaBetaAgent,True,0:00:19.410214,1553AlphaBetaAgent,True,0:00:24.670073,1115AlphaBetaAgent,True,0:00:16.338252,1559AlphaBetaAgent,True,0:00:17.802473,1551AlphaBetaAgent,False,0:00:10.750728,-131AlphaBetaAgent,True,0:00:23.677591,1129AlphaBetaAgent,True,0:00:19.634333,1351AlphaBetaAgent,True,0:00:18.319580,1359AlphaBetaAgent,False,0:00:06.584610,-273AlphaBetaAgent,True,0:00:17.631975,1153AlphaBetaAgent,True,0:00:19.623569,1345AlphaBetaAgent,True,0:00:17.054399,1357AlphaBetaAgent,True,0:00:19.229491,1339AlphaBetaAgent,False,0:00:05.395190,-279AlphaBetaAgent,True,0:00:18.686699,1556AlphaBetaAgent,False,0:00:08.513737,-128AlphaBetaAgent,True,0:00:18.952697,1549AlphaBetaAgent,True,0:00:26.979577,1721AlphaBetaAgent,False,0:00:07.029773,-264AlphaBetaAgent,False,0:00:04.469944,-321AlphaBetaAgent,True,0:00:20.388851,1347AlphaBetaAgent,True,0:00:22.469709,1540AlphaBetaAgent,True,0:00:19.610961,1351AlphaBetaAgent,False,0:00:04.571747,-302AlphaBetaAgent,False,0:00:03.359802,-356AlphaBetaAgent,False,0:00:03.209924,-365AlphaBetaAgent,False,0:00:14.619741,275AlphaBetaAgent,False,0:00:05.729894,-277AlphaBetaAgent,False,0:00:03.200142,-365AlphaBetaAgent,False,0:00:11.038974,-163AlphaBetaAgent,True,0:00:21.859619,1744AlphaBetaAgent,False,0:00:14.714910,-150AlphaBetaAgent,True,0:00:20.430270,1351AlphaBetaAgent,True,0:00:16.209781,975AlphaBetaAgent,True,0:00:16.739652,1369AlphaBetaAgent,True,0:00:22.069598,1703AlphaBetaAgent,True,0:00:23.609922,1133AlphaBetaAgent,False,0:00:10.249762,-198AlphaBetaAgent,True,0:00:18.392499,960AlphaBetaAgent,True,0:00:15.970035,971AlphaBetaAgent,True,0:00:30.849827,908AlphaBetaAgent,True,0:00:15.560448,975AlphaBetaAgent,True,0:00:14.772665,973AlphaBetaAgent,False,0:00:06.303338,-212AlphaBetaAgent,False,0:00:05.223457,-290AlphaBetaAgent,False,0:00:11.678549,295AlphaBetaAgent,True,0:00:19.948800,1339AlphaBetaAgent,True,0:00:16.033581,1362AlphaBetaAgent,True,0:00:13.940765,971AlphaBetaAgent,True,0:00:14.585890,1368AlphaBetaAgent,True,0:00:17.387081,1153AlphaBetaAgent,False,0:00:04.764923,-354AlphaBetaAgent,False,0:00:06.165765,-294AlphaBetaAgent,True,0:00:14.101468,971AlphaBetaAgent,False,0:00:11.572613,-67AlphaBetaAgent,True,0:00:19.234358,1347AlphaBetaAgent,False,0:00:08.283585,-136AlphaBetaAgent,True,0:00:20.695798,1132AlphaBetaAgent,False,0:00:03.183184,-347AlphaBetaAgent,False,0:00:08.034145,-351AlphaBetaAgent,False,0:00:11.138659,-19AlphaBetaAgent,False,0:00:12.577100,210AlphaBetaAgent,True,0:00:14.237218,972AlphaBetaAgent,True,0:00:27.446252,1300AlphaBetaAgent,True,0:00:17.806054,1354AlphaBetaAgent,False,0:00:12.843079,251AlphaBetaAgent,False,0:00:02.623863,-383AlphaBetaAgent,True,0:00:15.213743,969AlphaBetaAgent,False,0:00:07.714862,-161AlphaBetaAgent,False,0:00:11.635533,159AlphaBetaAgent,True,0:00:16.480995,1360AlphaBetaAgent,True,0:00:18.535122,1351AlphaBetaAgent,True,0:00:18.532213,1351AlphaBetaAgent,True,0:00:25.283736,1112AlphaBetaAgent,False,0:00:12.225801,-76AlphaBetaAgent,False,0:00:13.981423,331AlphaBetaAgent,True,0:00:13.446488,975AlphaBetaAgent,False,0:00:12.107369,-226AlphaBetaAgent,True,0:00:23.398086,1724AlphaBetaAgent,False,0:00:13.346569,-166AlphaBetaAgent,False,0:00:11.706287,-162AlphaBetaAgent,False,0:00:12.682074,-106AlphaBetaAgent,False,0:00:08.804145,-128AlphaBetaAgent,False,0:00:08.506929,-127AlphaBetaAgent,True,0:00:19.526696,1541AlphaBetaAgent,False,0:00:14.595303,303AlphaBetaAgent,True,0:00:15.650755,965AlphaBetaAgent,True,0:00:15.897975,967AlphaBetaAgent,True,0:00:20.945705,1135AlphaBetaAgent,True,0:00:24.759284,1292AlphaBetaAgent,True,0:00:14.455234,1370AlphaBetaAgent,False,0:00:03.080176,-356AlphaBetaAgent,True,0:00:19.153714,1347AlphaBetaAgent,False,0:00:12.475764,324AlphaBetaAgent,True,0:00:18.419052,1550AlphaBetaAgent,True,0:00:14.096156,973AlphaBetaAgent,True,0:00:18.160791,1751AlphaBetaAgent,False,0:00:11.164270,-56AlphaBetaAgent,False,0:00:08.301818,-272AlphaBetaAgent,True,0:00:23.645973,1484AlphaBetaAgent,True,0:00:24.463550,1520AlphaBetaAgent,False,0:00:03.340589,-347AlphaBetaAgent,False,0:00:14.093018,243AlphaBetaAgent,True,0:00:19.090950,1143AlphaBetaAgent,True,0:00:17.273419,1355AlphaBetaAgent,False,0:00:08.316626,-126AlphaBetaAgent,False,0:00:03.405265,-338AlphaBetaAgent,True,0:00:17.232259,953AlphaBetaAgent,True,0:00:16.726196,957AlphaBetaAgent,False,0:00:12.932883,250AlphaBetaAgent,True,0:00:14.906723,967AlphaBetaAgent,False,0:00:05.002301,-277AlphaBetaAgent,True,0:00:24.449904,1316AlphaBetaAgent,True,0:00:16.674217,1356AlphaBetaAgent,False,0:00:05.141765,-297AlphaBetaAgent,False,0:00:26.442914,492AlphaBetaAgent,False,0:00:07.443950,-219AlphaBetaAgent,True,0:00:19.863507,1742AlphaBetaAgent,True,0:00:19.884913,1346AlphaBetaAgent,True,0:00:15.423181,966AlphaBetaAgent,True,0:00:18.565743,1551AlphaBetaAgent,True,0:00:13.272335,1360AlphaBetaAgent,False,0:00:17.997796,272AlphaBetaAgent,False,0:00:05.322251,-298AlphaBetaAgent,False,0:00:23.033138,307AlphaBetaAgent,False,0:00:03.805079,-369AlphaBetaAgent,False,0:00:04.954699,-296AlphaBetaAgent,True,0:00:24.143036,1519AlphaBetaAgent,True,0:00:17.161874,1555AlphaBetaAgent,False,0:00:11.921654,246AlphaBetaAgent,True,0:00:25.772428,1347AlphaBetaAgent,False,0:00:03.422765,-338AlphaBetaAgent,True,0:00:22.824411,1125AlphaBetaAgent,False,0:00:10.404662,254AlphaBetaAgent,False,0:00:07.943739,-134AlphaBetaAgent,False,0:00:12.557498,-194AlphaBetaAgent,True,0:00:17.631604,1755AlphaBetaAgent,True,0:00:16.753373,955AlphaBetaAgent,False,0:00:22.406045,-359AlphaBetaAgent,False,0:00:09.866654,-72AlphaBetaAgent,True,0:00:13.513804,975AlphaBetaAgent,False,0:00:11.184935,-104AlphaBetaAgent,False,0:00:03.664953,-347AlphaBetaAgent,False,0:00:03.409774,-356AlphaBetaAgent,True,0:00:17.170288,967AlphaBetaAgent,True,0:00:25.559927,1327AlphaBetaAgent,False,0:00:03.700412,-338AlphaBetaAgent,True,0:00:19.420189,959AlphaBetaAgent,True,0:00:15.379662,976AlphaBetaAgent,True,0:00:20.050130,1553AlphaBetaAgent,False,0:00:13.517891,-107AlphaBetaAgent,True,0:00:21.926682,1331AlphaBetaAgent,True,0:00:15.734319,1365AlphaBetaAgent,True,0:00:18.624281,1353AlphaBetaAgent,False,0:00:04.734487,-303AlphaBetaAgent,False,0:00:11.975207,92AlphaBetaAgent,False,0:00:09.625005,-131AlphaBetaAgent,False,0:00:07.370071,-236AlphaBetaAgent,True,0:00:16.945680,1359AlphaBetaAgent,False,0:00:06.249790,76AlphaBetaAgent,True,0:00:12.107979,987AlphaBetaAgent,True,0:00:21.096779,1349AlphaBetaAgent,False,0:00:14.289747,252AlphaBetaAgent,True,0:00:24.762551,1302AlphaBetaAgent,False,0:00:16.175390,312AlphaBetaAgent,False,0:00:14.403039,242AlphaBetaAgent,True,0:00:20.454792,1139AlphaBetaAgent,False,0:00:03.540745,-339AlphaBetaAgent,False,0:00:04.627074,-314AlphaBetaAgent,False,0:00:10.289928,20AlphaBetaAgent,True,0:00:25.277839,1294